generation,layout_score
301,9269.817091479237
302,9379.610916978258
303,9500.034814782744
304,10264.751457182581
305,10114.055852397438
306,10264.751457182581
307,10264.751457182581
308,10264.751457182581
309,10264.751457182581
310,11597.535377914974
311,9435.506086206477
312,10296.716279555489
313,10296.716279555489
314,10038.402431582273
315,10296.716279555489
316,10224.355568182702
317,9623.34065893152
318,9623.34065893152
319,10224.355568182702
320,10719.562249149476
321,9949.891100023075
322,11132.72052994831
323,11157.681843586102
324,10971.017157333288
325,11157.681843586102
326,11094.632096596637
327,11157.681843586102
328,11157.681843586102
329,11157.681843586102
330,11157.681843586102
331,11630.092972198052
332,11157.681843586102
333,10682.924572318705
334,10682.924572318705
335,11086.303186011073
336,11157.681843586102
337,10361.941319593334
338,11116.202997238657
339,11520.126958425342
340,11643.532453624006
341,11630.092972198052
342,10642.239592679964
343,11214.871149199747
344,11214.871149199747
345,11214.871149199747
346,11214.871149199747
347,10816.344685895621
348,11214.871149199747
349,9524.17375402608
350,11214.871149199747
351,11214.871149199747
352,8744.243883660014
353,11214.871149199747
354,9485.023569212575
355,11214.871149199747
356,9700.264096165436
357,9700.264096165436
358,11214.871149199747
359,11214.871149199747
360,11214.871149199747
361,11214.871149199747
362,10441.130876073725
363,11214.871149199747
364,11214.871149199747
365,10396.752046708529
366,10396.752046708529
367,11214.871149199747
368,11214.871149199747
369,11060.223205558366
370,10934.455878121466
371,10904.53729075137
372,10541.09818074751
373,11214.871149199747
374,10194.420651413016
375,9315.760358971596
376,10603.46512640485
377,10367.205455345798
378,11214.871149199747
379,9637.490739573017
380,9995.819261519902
381,11214.871149199747
382,11143.065813845667
383,10691.33960954277
384,11214.871149199747
385,9153.270670742972
386,11214.871149199747
387,11214.871149199747
388,11214.871149199747
389,10026.790306401026
390,11214.871149199747
391,11161.142928968211
392,11206.236933556336
393,11214.871149199747
394,9496.187508054116
395,11214.871149199747
396,11168.015844928877
397,9702.803333365151
398,11136.870996008014
399,11214.871149199747
400,10846.126669483494
401,10662.211050736023
402,11214.871149199747
403,11211.149403431731
404,11214.871149199747
405,11096.895033514564
406,11214.871149199747
407,9145.191906591303
408,10032.457016237626
409,10606.863491597836
410,11214.871149199747
411,10626.123279265945
412,10064.677212691122
413,10388.174311248613
414,10995.226766379148
415,9882.79439455756
416,10415.542301664404
417,11214.871149199747
418,9691.433007786123
419,11214.871149199747
420,10916.376367489751
421,11214.871149199747
422,11214.871149199747
423,11214.871149199747
424,10311.725314656022
425,11172.724206922901
426,10011.211709469188
427,11214.871149199747
428,11214.871149199747
429,10226.244198548438
430,10915.29191041535
431,11214.871149199747
432,10408.578611229708
433,11214.871149199747
434,11214.871149199747
435,11186.738638797415
436,11214.871149199747
437,11178.21408524609
438,11214.871149199747
439,11214.871149199747
440,11105.323640738012
441,11214.871149199747
442,11214.871149199747
443,11214.871149199747
444,11214.871149199747
445,11214.871149199747
446,11214.871149199747
447,11214.871149199747
448,11176.59150462131
449,11214.871149199747
450,11214.871149199747
451,10896.232636028755
452,10186.032921038015
453,10715.605014465986
454,9441.818492040866
455,9437.992507797888
456,10305.837152972188
457,11204.058881157758
458,11214.871149199747
459,10378.898513284657
460,11214.871149199747
461,11214.871149199747
462,11214.871149199747
463,11073.679563844686
464,11214.871149199747
465,10271.337864248566
466,11214.871149199747
467,9798.455213814055
468,11214.871149199747
469,11214.871149199747
470,11214.871149199747
471,10709.464389844563
472,11214.871149199747
473,11033.715047424632
474,9905.484234299667
475,9905.484234299667
476,10724.72191234284
477,11214.871149199747
478,10178.563202446454
479,10565.493084349426
480,9817.957596929715
481,11195.627050749024
482,11214.871149199747
483,10936.91170561576
484,11214.871149199747
485,11214.871149199747
486,9980.034256175335
487,11214.871149199747
488,10618.318537498953
489,11214.871149199747
490,11214.871149199747
491,11214.871149199747
492,11214.871149199747
493,11214.871149199747
494,11214.871149199747
495,11214.871149199747
496,11214.871149199747
497,10253.626193557939
498,10698.872658341821
499,10738.80410197255
500,10184.503542654817
501,11214.871149199747
502,11123.802311483922
503,11214.871149199747
504,11214.871149199747
505,11214.871149199747
506,10521.516014684697
507,10706.16049726557
508,11214.871149199747
509,10427.777548530392
510,10507.39043122877
511,10503.014229240713
512,10981.044412250543
513,10873.1587755779
514,9889.053500764736
515,10875.217512198547
516,10875.217512198547
517,11214.871149199747
518,10978.845211877844
519,9993.00532669423
520,11214.871149199747
521,9883.842139035673
522,11214.871149199747
523,10544.364957068652
524,10823.285222437255
525,10823.285222437255
526,10823.285222437255
527,11466.575879780212
528,11620.45702816628
529,11098.019142731013
530,11467.217861156134
531,11789.989900417746
532,11439.854417056365
533,10229.919700420502
534,11789.989900417746
535,11570.085100530538
536,11643.927425965187
537,11328.791832331459
538,10304.638854688905
539,10171.500521786393
540,9935.037747993152
541,11633.069466645393
542,10659.938785631064
543,11713.808672618492
544,11789.989900417746
545,11789.989900417746
546,11186.553247369771
547,11789.989900417746
548,10989.928754663628
549,11789.989900417746
550,11629.084413427076
551,10289.492643665391
552,11789.989900417746
553,11344.454193887901
554,11789.989900417746
555,10288.844891863015
556,11455.314152946197
557,11789.989900417746
558,10398.615883276088
559,11789.989900417746
560,11438.148396810984
561,11438.148396810984
562,10815.640692673649
563,11789.989900417746
564,11148.152666179023
565,11789.989900417746
566,10583.245334360667
567,10679.857772013262
568,9810.462528440243
569,10999.991486456936
570,11000.645896168124
571,10984.215610237368
572,10283.729408278905
573,11402.207991688801
574,10549.671737640985
575,10639.130271255783
576,10278.966118755152
577,11312.34446940546
578,10536.076760677124
579,10402.11520992704
580,11789.989900417746
581,11332.111454784665
582,10105.28799323473
583,11376.116571713848
584,11789.989900417746
585,11789.989900417746
586,11789.989900417746
587,11789.989900417746
588,10927.027959220306
589,10911.36190696464
590,11575.814838794447
591,10192.550776875329
592,10842.986361777148
593,9610.522199228675
594,11594.404347357531
595,11789.989900417746
596,11789.989900417746
597,11141.147256422735
598,11188.30056765783
599,10456.499682201458
600,10244.24182954036
601,10244.24182954036
602,10203.01186703199
603,11789.989900417746
604,10653.860034768637
605,11477.803022888691
606,11789.989900417746
607,11789.989900417746
608,11789.989900417746
609,11218.468343196986
610,10770.593092394593
611,10759.75549695569
612,10759.75549695569
613,10866.4674634244
614,11617.045211698009
615,11652.541343392959
616,11652.541343392959
617,11789.989900417746
618,11452.057643110673
619,10408.30107240852
620,11177.24908026923
621,10370.774628296556
622,10627.436409733857
623,11161.12778380456
624,10559.443739266322
625,11243.21675654981
626,11243.21675654981
627,11243.21675654981
628,11789.989900417746
629,10553.431511089126
630,9128.657226157395
631,11789.989900417746
632,11789.989900417746
633,10184.06929541887
634,10524.684916952601
635,11789.989900417746
636,11789.989900417746
637,10890.805650938035
638,11789.989900417746
639,11236.772886870209
640,11709.142251084902
641,11175.51273409256
642,11789.989900417746
643,11789.989900417746
644,11539.90894220859
645,11789.989900417746
646,11347.294003605344
647,10770.193299003484
648,10770.193299003484
649,9488.1859436863
650,11060.823334885135
651,10681.001808474604
652,11581.312149848301
653,10681.001808474604
654,9832.836684394139
655,10791.500629097143
656,11775.770570131179
657,11789.989900417746
658,11189.514210736035
659,10581.26916598855
660,11789.989900417746
661,11592.291564794947
662,11789.989900417746
663,11760.359537306616
664,11789.989900417746
665,11643.497715949254
666,11789.989900417746
667,11789.989900417746
668,11789.989900417746
669,11601.69634048444
670,11477.541762139286
671,11348.469223094024
672,11192.169503201592
673,11192.169503201592
674,11789.989900417746
675,11724.396723073789
676,10171.975229143713
677,10449.845389573746
678,11484.300033836937
679,11199.484131732186
680,11458.701225209916
681,10991.613196780916
682,11148.805683521796
683,11461.549910866428
684,10062.965201553994
685,11112.183823308347
686,11741.36795718853
687,11392.374691632216
688,11789.989900417746
689,11164.860391404565
690,10830.893903440176
691,10472.946841846195
692,11621.127572493308
693,10123.655296582314
694,10762.448900084128
695,11273.205442299919
696,11789.989900417746
697,11789.989900417746
698,11789.989900417746
699,11711.522626014557
700,11760.22765706104
701,11262.107130201768
702,10181.997491568995
703,11789.989900417746
704,11495.434656118327
705,11789.989900417746
706,9235.956829392897
707,9372.272620749965
708,10049.889346897005
709,10049.889346897005
710,11372.805762699616
711,11789.989900417746
712,11789.989900417746
713,11530.761688841796
714,9404.691683831496
715,11242.244201067888
716,11605.90275420902
717,11605.90275420902
718,10598.021809816362
719,11394.886315669732
720,10299.741752091897
721,10043.549675142965
722,11152.919505516384
723,11557.901992674395
724,10008.901893261358
725,11639.623614133812
726,11674.148024130262
727,11789.989900417746
728,11770.278830312302
729,11434.142470613931
730,11715.046566326926
731,11789.989900417746
732,10052.305039027626
733,9724.889871642505
734,11667.727956638586
735,11789.989900417746
736,11081.90287288567
737,11789.989900417746
738,9802.716880067723
739,11182.879399603786
740,10650.905250608124
741,10642.548811001669
742,11158.005156435243
743,11789.989900417746
744,10957.386681951095
745,10957.386681951095
746,11407.933044314917
747,11789.989900417746
748,11789.989900417746
749,11459.400832409006
750,11459.400832409006
751,11789.989900417746
752,10165.155218212283
753,10969.330136201115
754,11629.293212225732
755,10308.647080235953
756,9850.919169067663
757,11244.3769145772
758,11465.963599637369
759,10886.105000046313
760,11204.472780623757
761,11772.33080319197
762,10794.586694698291
763,11217.080973334387
764,11217.080973334387
765,10927.767869874142
766,11789.989900417746
767,9176.390459573717
768,11770.25983867679
769,10183.368988771163
770,10871.596410219412
771,11728.79619668987
772,11339.692383755391
773,11789.989900417746
774,11129.980463549186
775,10442.652112712834
776,11789.989900417746
777,10656.459071762429
778,11141.991329189936
779,11628.800262945972
780,11789.989900417746
781,11789.989900417746
782,11308.069121531678
783,10552.768861345932
784,9979.297655936012
785,10168.064665319456
786,9724.767302370667
787,11358.814862251984
788,11596.046785609225
789,11689.103276273378
790,11009.58787447561
791,11789.989900417746
792,10791.916295843916
793,11336.746006556132
794,11789.989900417746
795,11789.989900417746
796,11082.01760630884
797,10815.279375155105
798,11054.6107182813
799,10135.553857943267
800,10135.553857943267
801,9911.842253365898
802,9262.460077339209
803,10135.553857943267
804,9195.709417022032
805,7321.021619977559
806,9124.58704796573
807,8230.33239796376
808,8966.294243196859
809,8686.163315850115
810,8686.163315850115
811,8996.229194289168
812,9492.965995304725
813,9364.942765946287
814,8967.054902754615
815,9492.965995304725
816,9447.66330146156
817,9492.965995304725
818,9492.965995304725
819,9492.965995304725
820,10783.098425470844
821,9987.082177574126
822,9762.196313859873
823,9619.534533575568
824,10717.11805287631
825,10999.754524099362
826,10935.34468101577
827,10752.697555066174
828,9619.203426216509
829,10717.655349347262
830,9360.994987537782
831,9022.474739312203
832,10408.437188760174
833,10666.01604435331
834,9767.856051028124
835,9657.462457641117
836,10387.027325669767
837,10219.959984167244
838,10412.018627685517
839,10423.01614861543
840,10144.21522439462
841,10543.940172720038
842,10416.95352419692
843,10052.725149817536
844,10416.95352419692
845,10136.133769815813
846,9893.953633941093
847,10376.31907931429
848,10246.1612322617
849,10305.73677798865
850,10399.559993883211
851,10747.547041733644
852,11235.299914978514
853,11235.299914978514
854,10645.33757529983
855,10160.950766431692
856,11048.022294991288
857,10029.476179209385
858,11235.299914978514
859,11049.192062868124
860,10585.759817932489
861,9687.004246789007
862,10746.411366001781
863,10970.370635047198
864,11423.506123282064
865,11476.346337108096
866,11130.804786246528
867,11394.832004632883
868,11010.063047521087
869,10686.884495502965
870,10839.928804181574
871,10718.812886971451
872,11389.89501423043
873,10964.508645293105
874,11044.970821508994
875,11186.332859744305
876,10366.462255610688
877,10497.003589747153
878,9626.394626818766
879,10845.528111949046
880,10095.023088490918
881,10532.469707152371
882,10741.307546986629
883,11304.431430234927
884,10167.683685327982
885,11480.79164931897
886,11480.79164931897
887,10240.203778803072
888,10174.773135822326
889,11220.122945386736
890,10269.258903662878
891,10922.298107374987
892,10009.037995188592
893,10366.011571326137
894,10609.999460767838
895,9723.043931562986
896,11480.79164931897
897,10331.156103540621
898,10335.473115943762
899,9510.152522573002
900,11105.625493857933
901,11179.420799923784
902,9849.123833211648
903,10685.323676939395
904,9925.165303191541
905,9742.750623493324
906,10220.863898044221
907,10969.063392441869
908,10875.877522171917
909,11211.731989169297
910,10827.33631749861
911,10336.810616682147
912,10579.155060702062
913,9442.220111302742
914,11177.68871164417
915,10869.654638525994
916,10363.865856792343
917,9829.393685418754
918,10408.878477502809
919,10631.761625001514
920,9994.172036794318
921,11196.83295289846
922,10764.35180157995
923,10229.052439458479
924,9177.5924310999
925,10232.71513279518
926,11052.76375495706
927,11089.960677759396
928,9975.262509768138
929,11089.960677759396
930,9217.64258050067
931,9834.242663995852
932,10988.440168463432
933,8471.558785091562
934,8471.558785091562
935,10385.715670797212
936,10980.267274905009
937,10384.130605613682
938,10921.590877917262
939,10980.267274905009
940,10713.624192581437
941,10673.029418199698
942,10860.129666328437
943,10455.135397151518
944,10860.12966632843
945,10347.600737623157
946,10860.12966632843
947,10860.12966632843
948,10543.044292216224
949,10335.87121124714
950,10335.87121124714
951,10849.489696202896
952,9756.262079164664
953,9955.183405925487
954,9901.64734732905
955,10860.129666328425
956,10573.57790033174
957,10860.129666328425
958,10348.726059444785
959,10656.273322962972
960,10081.067327673609
961,9365.743058307651
962,9365.743058307651
963,10033.699096350545
964,8284.16197216145
965,10740.128057434355
966,10423.91368995555
967,10776.612484795725
968,9245.760733406349
969,9278.798580892599
970,10849.71172815038
971,10849.71172815038
972,10844.596440898207
973,8701.18111257774
974,9345.459680950002
975,9828.927218430936
976,10844.596440898207
977,10566.068993716342
978,10965.232077894758
979,10442.021686943322
980,10965.232077894758
981,9816.608631671941
982,9811.555414390265
983,9811.555414390265
984,9846.70375662354
985,10839.46251507549
986,10809.976662347573
987,10401.846158730272
988,10519.6230070711
989,11019.14913263674
990,10831.850750843556
991,10456.952621378856
992,10841.594146896628
993,10459.828643741645
994,10374.38591164885
995,10147.176616552491
996,10971.337274557975
997,8753.048002981322
998,10975.650016072816
999,9431.425810346092
1000,9179.552994406069
1001,10466.496647497503
1002,10775.191605731925
1003,9882.09765376095
1004,10886.552987030644
1005,10886.552987030644
1006,9924.39536689029
1007,9475.923408371946
1008,9475.923408371946
1009,10886.552987030644
1010,10289.946894846846
1011,10347.090887124868
1012,10141.928957879187
1013,9894.43640351642
1014,10141.928957879187
1015,10066.739630358818
1016,9671.272631693719
1017,9763.27485291863
1018,9434.690193185475
1019,9752.218110515987
1020,10122.056458705889
1021,9753.427781030816
1022,9793.604723330182
1023,10012.50370943755
1024,9508.898809799546
1025,10051.726236612223
1026,10051.726236612223
1027,9928.921694689228
1028,8561.03284536684
1029,10051.726236612223
1030,8929.904529268306
1031,8929.904529268306
1032,9399.697421605024
1033,9939.309928718165
1034,9978.841474937959
1035,9517.871748581865
1036,9978.841474937959
1037,9978.841474937957
1038,9594.940050754285
1039,9817.608296630737
1040,9978.841474937957
1041,9978.841474937957
1042,9209.624522139615
1043,9567.703713528737
1044,9978.841474937955
1045,9210.84320464968
1046,9210.84320464968
1047,9210.265372926533
1048,9975.353156034453
1049,9975.353156034453
1050,9715.406376081119
1051,9421.206172521976
1052,9805.22132575005
1053,9693.800096073088
1054,9812.071406865438
1055,8818.149874354493
1056,9923.460795358751
1057,9978.841474937954
1058,9843.238453402742
1059,9978.841474937954
1060,9185.471514904693
1061,8487.209177794313
1062,8487.209177794313
1063,9978.841474937954
1064,9675.47812340156
1065,9978.841474937954
1066,9554.557772821989
1067,8953.60455021602
1068,9978.841474937948
1069,9869.350972068802
1070,9461.027041785235
1071,9559.372491853283
1072,9730.685652828253
1073,9621.195149959103
1074,9621.195149959098
1075,8425.766718291725
1076,9621.195149959096
1077,8973.352072854175
1078,9531.392660421974
1079,9114.444050794325
1080,9515.651585346717
1081,9375.532316266814
1082,9721.296464431065
1083,9820.552263563108
1084,9722.937636064447
1085,9313.76995395622
1086,9377.784754781036
1087,9649.961150507814
1088,9303.125199039478
1089,9820.55226356311
1090,9820.552263563113
1091,10181.32414000276
1092,9825.571142367708
1093,10583.409713676454
1094,10487.035967872274
1095,9695.751317231214
1096,9985.993752280769
1097,10583.409713676454
1098,9913.388067318665
1099,9913.388067318665
1100,9913.388067318665
1101,9444.374486113999
1102,9533.176656573465
1103,9479.959812515486
1104,9913.388067318665
1105,9913.388067318665
1106,9913.388067318665
1107,9913.388067318665
1108,9913.388067318665
1109,9913.388067318665
1110,9913.388067318665
1111,9942.319937740654
1112,9942.319937740654
1113,9899.319451629572
1114,9899.319451629572
1115,9899.319451629572
1116,9899.319451629572
1117,9899.319451629572
1118,9899.319451629566
1119,10447.355332594567
1120,10349.303989888796
1121,10542.608386512864
1122,10542.608386512864
1123,10542.608386512864
1124,10542.608386512864
1125,10542.608386512864
1126,10358.587216756627
1127,10107.75141514164
1128,10368.50762476318
1129,9412.636150322158
1130,10456.37426366752
1131,10456.37426366752
1132,9055.000402214882
1133,10359.644755259254
1134,10423.177429611656
1135,10368.309209218729
1136,8652.271358378144
1137,9979.338701808547
1138,10209.832702464275
1139,10163.782782850902
1140,8909.555777530826
1141,9685.819954137038
1142,10025.2987220672
1143,10025.2987220672
1144,10025.2987220672
1145,8136.675222957984
1146,10025.2987220672
1147,10025.2987220672
1148,9368.226640413117
1149,8998.846856992775
1150,9297.31774209459
1151,9994.392104125647
1152,9656.81219106717
1153,9766.0138456694
1154,9508.133463071954
1155,9727.316284395487
1156,8386.16778848131
1157,9218.036925555492
1158,9857.870513110853
1159,10302.476438866122
1160,10302.476438866122
1161,10198.932913489278
1162,9978.886975655903
1163,10198.932913489278
1164,9937.524140839116
1165,10020.392736406016
1166,9726.226822612274
1167,9221.104076820426
1168,10156.73216346645
1169,10006.727680756787
1170,9803.241010779098
1171,10299.691655321487
1172,10972.36020524348
1173,10155.789927916805
1174,10155.789927916805
1175,10155.789927916805
1176,9077.68755072626
1177,9077.68755072626
1178,9905.51095282553
1179,8796.595432559265
1180,10155.789927916805
1181,10120.19413909864
1182,9295.00140836309
1183,10155.789927916805
1184,10227.045631267298
1185,10214.153391714974
1186,9267.02818879708
1187,9764.288969937288
1188,10122.397452765488
1189,10227.045631267298
1190,10227.045631267298
1191,9860.806179984378
1192,10023.187603058754
1193,10227.045631267298
1194,8653.484233948211
1195,9778.168589120836
1196,10116.8018956257
1197,8153.527706851038
1198,9863.918954310677
1199,10227.045631267298
1200,9000.309795006826
1201,9708.637608120784
1202,9708.637608120784
1203,9708.637608120784
1204,9708.637608120784
1205,9002.521367173082
1206,8843.09978003271
1207,9708.637608120776
1208,9705.706063563537
1209,9502.585362061367
1210,9810.245817140294
1211,9517.140135600628
1212,9517.140135600628
1213,9517.140135600628
1214,9517.140135600623
1215,9517.140135600623
1216,9517.140135600628
1217,9517.140135600623
1218,9402.346382549475
1219,9418.852938805858
1220,9443.378604093721
1221,10038.503606702741
1222,9695.083630899473
1223,9629.07254471597
1224,9677.103670306833
1225,9906.443081968402
1226,9911.103496201178
1227,10114.574674804298
1228,9644.603731700738
1229,9979.991913426715
1230,9769.713888380886
1231,10621.003901088186
1232,11003.696311025893
1233,10981.68804076855
1234,10063.322968502383
1235,10063.322968502383
1236,9746.047523598536
1237,9746.04752359853
1238,9746.04752359853
1239,9638.256677137546
1240,9892.964839474209
1241,9887.54745925429
1242,9964.637390511696
1243,9887.54745925429
1244,9887.54745925429
1245,9887.54745925429
1246,10025.071910268418
1247,9978.170015004715
1248,9653.406947319372
1249,9893.712653574743
1250,9724.777451386792
1251,9841.158766438974
1252,9070.374920368826
1253,9824.168709560865
1254,9718.161237881652
1255,9901.003669710284
1256,10046.906587549933
1257,9930.866807629396
1258,10046.906587549933
1259,10046.906587549933
1260,10046.906587549933
1261,9774.498340797512
1262,9774.498340797512
1263,9774.498340797512
1264,9774.498340797512
1265,9774.498340797512
1266,9704.294243453794
1267,9546.5010975991
1268,6946.449093234947
1269,9237.84713542131
1270,9124.067705806034
1271,9280.877516696964
1272,9549.60849617299
1273,9530.532004117389
1274,9629.2338683259
1275,9697.106990306795
1276,9697.106990306795
1277,8951.703497606606
1278,9195.067692032118
1279,8609.754678897627
1280,8304.776006070526
1281,8908.855201172839
1282,9697.106990306795
1283,8759.79450124081
1284,9697.106990306795
1285,8963.618204614428
1286,9396.405157565689
1287,9666.807909189947
1288,9135.954593421304
1289,9231.059554489811
1290,9641.070059775531
1291,8894.84110793456
1292,9561.449093888352
1293,9561.449093888352
1294,9561.449093888352
1295,9561.449093888352
1296,9424.61478314471
1297,9491.578751818943
1298,9247.650725278034
1299,9295.182718999211
1300,9295.182718999211
1301,8435.199669649262
1302,9491.578751818937
1303,9001.926843846248
1304,9357.500368122723
1305,9491.578751818937
1306,9110.177859443404
1307,9491.578751818937
1308,8673.378944230039
1309,9491.578751818932
1310,9447.473704099486
1311,9021.973333005877
1312,9491.578751818932
1313,7790.239470550479
1314,10389.331181394133
1315,10945.692852323147
1316,9862.731585895928
1317,10889.97105737171
1318,10767.145173000003
1319,10530.093888143349
1320,10926.707383794079
1321,10881.043190577304
1322,9888.287099724063
1323,10655.958537826185
1324,10550.220063612749
1325,10881.0431905773
1326,10441.976488293698
1327,10259.94162123521
1328,10136.066083382599
1329,10881.0431905773
1330,10009.865638760532
1331,9995.250870502252
1332,10257.64930091864
1333,11065.68289544112
1334,10875.685062101946
1335,10570.827502861413
1336,10836.488153275515
1337,10696.204384617624
1338,11149.199085507835
1339,10517.13633725839
1340,9361.317545787066
1341,9987.43477307022
1342,10693.901874708106
1343,11120.872223173523
1344,10339.589796295964
1345,10006.52626944119
1346,10618.898248995516
1347,10847.962217175129
1348,10780.783021462099
1349,11149.199085507831
1350,10131.23514762722
1351,10542.360851628804
1352,9794.666520985158
1353,10964.2813056049
1354,11293.156943716529
1355,11028.19203343461
1356,9752.234664258953
1357,9300.63326510611
1358,10395.433197539993
1359,10032.757565486258
1360,10241.639037651377
1361,10747.667185144346
1362,10112.354037679646
1363,9769.780875851586
1364,11264.226405404559
1365,9734.442621875529
1366,10264.723195821985
1367,10062.036995004208
1368,11133.87120324055
1369,11245.617955596397
1370,7751.025253932926
1371,9594.696045568493
1372,8057.889281789623
1373,8057.889281789623
1374,8057.889281789623
1375,7787.634659538386
1376,10261.733620166477
1377,10137.242009265614
1378,9554.06947067511
1379,9554.06947067511
1380,10264.8828984347
1381,11340.47531261695
1382,10890.65249915989
1383,11812.367077128225
1384,8856.5958518221
1385,8952.653173755152
1386,11205.445269836127
1387,11205.445269836127
1388,10810.184907492305
1389,10810.184907492305
1390,11129.032977156583
1391,11446.080361767083
1392,10362.108565194256
1393,11360.46409459231
1394,11360.46409459231
1395,9628.25545744356
1396,11152.557578257602
1397,10962.21223925004
1398,9984.456717355371
1399,9728.266178025438
1400,9711.314716989047
1401,10979.613200586213
1402,11350.65181142931
1403,9975.314912135636
1404,9711.608094677933
1405,11427.471911958919
1406,11033.778990490155
1407,10577.745715436558
1408,10260.224583064924
1409,11123.729809500677
1410,10979.277152030727
1411,9318.192513764601
1412,8884.610048072538
1413,9318.192513764601
1414,9318.192513764601
1415,9318.192513764601
1416,9318.192513764601
1417,9318.192513764601
1418,9318.192513764601
1419,9151.731879129307
1420,8881.036072907878
1421,8315.222464539669
1422,9149.349212738287
1423,8993.170911385972
1424,8563.785429876698
1425,9318.192513764596
1426,9271.137832861721
1427,9088.72604119853
1428,8893.798843389095
1429,8636.930303568273
1430,8804.929577995044
1431,9301.11435351736
1432,9301.11435351736
1433,8923.307044656789
1434,8611.186457522974
1435,9134.735809834865
1436,8881.201283649112
1437,8966.917042812116
1438,9264.616984350088
1439,8976.83107434884
1440,9033.343331178114
1441,9083.213142514898
1442,9281.69514459733
1443,9189.335183553232
1444,9281.695144597326
1445,8948.098562737825
1446,8948.098562737825
1447,9261.477097406954
1448,9281.695144597326
1449,8848.865352665334
1450,8834.917198243811
1451,9191.795695665465
1452,9080.341588058302
1453,8788.36921653949
1454,8077.990811102052
1455,8628.73495696991
1456,9149.248777844768
1457,8832.719521569052
1458,9107.803627557929
1459,8756.92531337852
1460,8525.019041031466
1461,8409.14734465517
1462,9051.431606302926
1463,8393.133006695438
1464,8704.615663366072
1465,8286.12095155072
1466,8724.00357450983
1467,9011.014166020674
1468,9011.014166020674
1469,7975.200481661144
1470,8315.088039973041
1471,8661.04923741092
1472,7539.631227195769
1473,8661.049237410918
1474,8661.049237410918
1475,7898.284202494079
1476,8464.089709946566
1477,8471.5647819329
1478,8493.697282196297
1479,7910.7392680815965
1480,7926.018083436552
1481,7340.56052495323
1482,8465.401945673406
1483,8468.531682787288
1484,8591.974284474387
1485,8591.974284474387
1486,8591.974284474387
1487,8446.485495322348
1488,8038.832793683254
1489,7708.725992695861
1490,8316.323777729069
1491,8337.861611177806
1492,8018.641222904443
1493,8385.937226348486
1494,8080.471918986208
1495,7593.065670126546
1496,8448.50376904968
1497,6631.517413487043
1498,7979.523733176555
1499,8203.645289441196
1500,7394.39647393043
1501,8142.820569653809
1502,7790.649257575313
1503,8084.326427159545
1504,7842.869060978073
1505,8452.666086456516
1506,8070.58943080897
1507,8452.666086456516
1508,8480.956915879085
1509,7827.2339088967665
1510,8480.956915879085
1511,8384.171114268045
1512,8358.956679076735
1513,7626.491635045077
1514,8366.605354210702
1515,7464.61800727717
1516,8320.842093736333
1517,8266.654409327366
1518,8447.682002978228
1519,8013.19234131225
1520,8262.657442767953
1521,7802.299269220607
1522,8427.632674440867
1523,8418.828134179601
1524,8518.668693142827
1525,8518.668693142827
1526,8518.668693142827
1527,8518.668693142827
1528,7771.233043993504
1529,8220.853136684753
1530,8518.668693142827
1531,8257.331107437474
1532,8560.142138533945
1533,8625.41199572812
1534,7530.6436599209665
1535,8449.419370543948
1536,8661.041252485937
1537,8394.078616417495
1538,8645.532876988194
1539,7688.958911283142
1540,7877.599119577935
1541,8159.304373811944
1542,8303.248503508428
1543,8533.697022263874
1544,8271.294454673847
1545,8715.656399419704
1546,8421.391933619903
1547,8487.328333645233
1548,8489.993365065644
1549,8682.117938628839
1550,8682.117938628839
1551,8266.122613004165
1552,8427.99701196893
1553,8270.888601953937
1554,8451.126899305174
1555,8679.894614882905
1556,7848.681983637936
1557,8369.940038999961
1558,8739.500787442232
1559,8043.657796902045
1560,8455.258617991218
1561,7517.293552883323
1562,8255.178810931138
1563,8523.59900389919
1564,8715.656399419706
1565,8627.06870608667
1566,8715.6563994197
1567,8715.6563994197
1568,8078.179118504258
1569,7545.100748744903
1570,8380.982320769923
1571,8329.593514313756
1572,8454.76652825552
1573,8444.264202496843
1574,8321.569578710463
1575,8545.156465798738
1576,8571.002758724897
1577,8651.53512480913
1578,8507.849132583293
1579,8560.041876121282
1580,8205.319266838795
1581,7235.763830222127
1582,8411.324683380999
1583,7137.0017539342125
1584,8565.292009725063
1585,8474.307311730781
1586,8180.666276451226
1587,8509.662320330715
1588,8509.662320330715
1589,8381.118167375182
1590,8424.539140174327
1591,8544.530519487882
1592,8650.735706630045
1593,8592.097445572337
1594,8291.838046344088
1595,8474.008014621812
1596,8351.405927342626
1597,8130.7709971970535
1598,6914.30834500335
1599,8726.5256960862
1600,7810.935001058066
1601,8686.480892553962
1602,8455.258217022898
1603,8352.236914398529
1604,8352.236914398529
1605,8320.554258532016
1606,8331.29606418933
1607,8532.666165466428
1608,7104.511173670096
1609,8392.854986793129
1610,8791.700370848348
1611,7962.27788976296
1612,8551.193806621886
1613,8600.015342580511
1614,8704.714952317227
1615,8600.222054743106
1616,8655.420611933085
1617,8731.72159999815
1618,8575.005988552155
1619,8694.161202591267
1620,8782.314309268988
1621,8134.203994345993
1622,8490.258835869832
1623,8391.327782402102
1624,8276.017257753607
1625,8365.40752775031
1626,8680.619095956912
1627,8731.928301923228
1628,8731.928301923228
1629,8685.039126355367
1630,7994.931962342529
1631,7948.768397360624
1632,7116.558605299035
1633,8551.01930443139
1634,8369.971674107233
1635,8547.016597809965
1636,8722.225758984201
1637,8596.38811335373
1638,8623.332324513463
1639,8696.7099326486
1640,8306.433156886651
1641,8298.986635827
1642,8220.027524740477
1643,7787.778938603345
1644,7868.09585544367
1645,8286.610974244859
1646,8391.561002801152
1647,8290.950919479463
1648,8592.999690775494
1649,7362.106123189733
1650,8404.451626986878
1651,8728.151119918059
1652,7940.727019600888
1653,8366.717696133552
1654,8728.151119918053
1655,8404.715270170698
1656,8252.010869602285
1657,7649.31466624828
1658,8634.297299542503
1659,8296.256107419147
1660,8315.57238812951
1661,8315.57238812951
1662,8315.57238812951
1663,8306.116378217006
1664,8073.676044104469
1665,7994.119902266697
1666,7994.119902266697
1667,7804.659576570378
1668,7720.381763523515
1669,6903.229714352413
1670,8315.57238812951
1671,7913.014621563782
1672,7451.928135422046
1673,7944.755395682842
1674,7036.940400595672
1675,7999.970966414582
1676,7157.053854804091
1677,5955.797435158689
1678,8170.98893180689
1679,8170.98893180689
1680,5802.976933875425
1681,7817.025690963739
1682,8179.461119993329
1683,7691.574085477408
1684,6902.825260249803
1685,8058.955375974798
1686,7459.318170000642
1687,7651.368492824772
1688,8070.472727102829
1689,8053.003435664585
1690,7558.268527397414
1691,7879.944262288335
1692,7879.944262288335
1693,7018.1032731079895
1694,7018.103273107984
1695,8043.562277346459
1696,8206.538234949045
1697,7601.12001867147
1698,7748.166572271872
1699,7866.546664158569
1700,7332.920502410602
1701,8133.575667991367
1702,7781.421685905671
1703,7549.9068663646485
1704,7679.7162076069735
1705,8048.374129799431
1706,8048.374129799431
1707,7939.303085853002
1708,7111.206000276557
1709,7948.728792062674
1710,7270.8707437927715
1711,7723.708088646135
1712,7889.981555998526
1713,7570.449801614615
1714,7723.478895132152
1715,8059.579426661428
1716,7899.903135071875
1717,8261.410269673392
1718,8319.975337809106
1719,8319.975337809106
1720,5841.663318263638
1721,8146.098683250983
1722,8257.676949273928
1723,8319.975337809106
1724,7882.92377535567
1725,7586.1133445672795
1726,7370.653501718605
1727,8214.50023337796
1728,8490.080689148177
1729,8427.411089207042
1730,5915.4793202655
1731,8274.940205552088
1732,8490.080689148177
1733,8116.325409364032
1734,7927.088945414422
1735,7927.088945414422
1736,7834.64306502655
1737,7782.964346978788
1738,7782.964346978788
1739,8078.335525132659
1740,8679.889675802633
1741,8298.355596081648
1742,8668.731821387313
1743,8426.737518085225
1744,7214.1558836361555
1745,8461.986372884918
1746,8493.5421537473
1747,8271.347914610194
1748,8501.321092494383
1749,8342.379246835326
1750,8379.300510826515
1751,8588.360044005698
1752,8617.427228650682
1753,8539.10907063205
1754,7023.185491994427
1755,7322.072787446494
1756,8617.427228650678
1757,7544.521775911983
1758,7957.6731220377915
1759,8295.149499014162
1760,8617.427228650675
1761,8451.206369250625
1762,8617.427228650675
1763,8617.427228650675
1764,8568.09424307504
1765,6889.4717887710685
1766,8374.87739024875
1767,8362.329352275554
1768,8617.427228650675
1769,8096.066089094815
1770,8085.107570446876
1771,8739.224011396806
1772,8385.434914759922
1773,7954.480904971232
1774,8006.770083905391
1775,8769.763428626726
1776,8274.375606400225
1777,8672.986374965689
1778,8769.763428626726
1779,8631.023245806886
1780,8492.699208802187
1781,8644.688656525665
1782,7766.141165069476
1783,7766.141165069476
1784,8500.462532347477
1785,8063.963948400332
1786,8362.257265767812
1787,8269.770064315058
1788,7814.92893795105
1789,8378.749489194934
1790,7870.845286846353
1791,8688.180068977683
1792,7221.130713446778
1793,7901.605518319666
1794,8244.679609749148
1795,8032.130504222673
1796,8365.4361992788
1797,8666.53090243445
1798,7845.753512444044
1799,8371.722291305501
1800,8425.050257460964
1801,7851.472499156004
1802,8642.474184306406
1803,9237.189342691778
1804,6611.156550032011
1805,9248.940052304763
1806,8317.494376565115
1807,8699.897405848445
1808,8933.195108129075
1809,9248.940052304763
1810,9140.966630707062
1811,9137.184904984915
1812,8414.48342175892
1813,8001.494783219151
1814,7674.773823892567
1815,9105.386018076673
1816,8285.453129612812
1817,9228.687007239152
1818,9116.017805892363
1819,8120.184551722728
1820,8120.184551722728
1821,8456.581477941949
1822,8456.581477941952
1823,8689.482801302416
1824,8876.606281876331
1825,7985.112695220777
1826,8401.13813647887
1827,8758.4828358991
1828,7728.571832644657
1829,8056.68909373647
1830,8991.596662854303
1831,6443.284200748977
1832,8065.3546893118255
1833,9082.957352623294
1834,9082.957352623294
1835,8504.916976339966
1836,9066.005699383508
1837,6503.0665868911965
1838,7970.71936700781
1839,8506.873735607162
1840,8897.94543733239
1841,8826.174634982064
1842,8567.281221565765
1843,8925.704351898587
1844,8123.751475366103
1845,8613.732195782304
1846,8971.625859471444
1847,8498.24450948651
1848,7818.1944395435075
1849,8542.185856398324
1850,9040.62842824423
1851,8811.766555347245
1852,9040.62842824423
1853,8668.319833291942
1854,8927.49888140766
1855,7571.736937000858
1856,8860.03872305617
1857,8732.60044799609
1858,7523.3161162753895
1859,7523.3161162753895
1860,7554.124642178096
1861,8508.886283925003
1862,8738.980622131478
1863,8420.57013313015
1864,8420.57013313015
1865,8855.953912718434
1866,8675.494153392317
1867,7689.012399598536
1868,7984.11992224075
1869,8990.0474108331
1870,7469.237198711137
1871,7435.392326493387
1872,9028.488314369994
1873,8974.831400666724
1874,8757.740483930354
1875,8590.086718998435
1876,9028.488314369994
1877,8628.382273105195
1878,8901.968503563048
1879,8515.088571729122
1880,7766.634498951454
1881,8847.019876787743
1882,8825.39670403938
1883,8996.260703891516
1884,8720.454325086219
1885,8072.575379477795
1886,8030.110103553329
1887,8644.061744917333
1888,8863.966973758754
1889,8675.469098345788
1890,8996.260703891516
1891,7655.47430202796
1892,8931.039026169341
1893,8680.094447054236
1894,8447.262784577864
1895,9071.119009194254
1896,8829.850543401539
1897,8767.21030768516
1898,8060.560997836066
1899,7948.110789708677
1900,7998.886545499387
1901,7998.886545499387
1902,7458.4572340322
1903,7667.298108935619
1904,7709.575898378411
1905,7694.373598601888
1906,7733.495742929072
1907,7405.907873574237
1908,7885.840963601494
1909,7778.552899181077
1910,7839.990236289835
1911,7450.762374312986
1912,7608.045863633779
1913,7959.073883397992
1914,7551.314476389844
1915,7497.288515238842
1916,7464.202352842026
1917,7150.065056586009
1918,7875.675407302214
1919,7068.174103527546
1920,7751.9331217764
1921,7941.033847477078
1922,6878.5600471277085
1923,7663.115950207305
1924,8044.129347651348
1925,7771.6521850134695
1926,7487.347457757948
1927,7886.785067877113
1928,7818.042155341654
1929,7903.529349082467
1930,8032.684011534681
1931,8032.684011534679
1932,7873.8362207448345
1933,8032.025523943221
1934,6992.5774312218655
1935,7761.042537786136
1936,7772.990291788359
1937,7430.076871598014
1938,7817.066727152783
1939,8031.509363319788
1940,6757.131538645577
1941,6757.131538645577
1942,7882.299245646592
1943,7853.65123350737
1944,7556.537667080793
1945,7565.81948469009
1946,7356.924670055271
1947,7174.224412505833
1948,7754.963141186874
1949,7349.9616365488355
1950,7850.638818833319
1951,6962.767812129328
1952,7641.979485438127
1953,7853.792353601653
1954,7578.318729753681
1955,7657.890236878276
1956,7764.105981929485
1957,7783.752784476969
1958,7338.586145887201
1959,7790.881564661573
1960,7077.98718114524
1961,7205.7000727477935
1962,7972.046400536645
1963,6816.670111881084
1964,7779.852101759077
1965,7891.194840497226
1966,7842.288485581308
1967,8208.947669193532
1968,8208.947669193532
1969,7327.136963326502
1970,7616.34608986645
1971,7636.860608356745
1972,8041.5346068734225
1973,6478.0997440311985
1974,7180.6685089246785
1975,7596.964500430841
1976,7789.011378771846
1977,7789.011378771846
1978,7781.498960034351
1979,7962.940628575788
1980,7173.89788491604
1981,7830.63838002985
1982,7020.788832383454
1983,7887.472644995767
1984,8060.58420092043
1985,7801.414150615217
1986,7963.414739336466
1987,8141.600153960626
1988,7174.258496271579
1989,7911.7679032647775
1990,7168.3511747936445
1991,7440.267958886013
1992,7926.389561085417
1993,8046.002300352398
1994,7167.100321529986
1995,7575.454350978336
1996,7910.598205995779
1997,6853.712653587304
1998,7789.13248504837
1999,7700.204253524024
2000,8266.063350110953
2001,7179.461164546534
2002,7720.1307684262
2003,7389.854858879515
2004,7404.422782779453
2005,7791.005222379594
2006,8074.456898876913
2007,7509.363738545897
2008,8223.16035480171
2009,7951.568790117309
2010,8087.987934081988
2011,7143.704156720756
2012,7768.159474183485
2013,8192.88119137986
2014,7757.1385530193775
2015,7927.295227411809
2016,7844.874525678036
2017,7844.874525678036
2018,8089.675455952819
2019,8064.949119989862
2020,7330.738565291096
2021,7274.111804466483
2022,7990.678019023506
2023,6924.809829213249
2024,6924.809829213253
2025,6826.691319204106
2026,7991.313265691177
2027,7956.190367995343
2028,7941.194797546778
2029,8044.956724966914
2030,7820.317208832829
2031,8076.329443823688
2032,7815.984342431576
2033,7761.743348679982
2034,7916.034045873132
2035,7860.984472974022
2036,8054.185221786565
2037,8110.355301198906
2038,7229.262091875424
2039,7452.737904560442
2040,7653.815286086894
2041,8156.573858499258
2042,7410.992300990549
2043,7875.388105231678
2044,6800.9639758859985
2045,8049.70541908539
2046,7375.78305052914
2047,6989.238972210246
2048,7987.4731418626
2049,7750.590965341372
2050,8042.847966724939
2051,8036.4372814532935
2052,7928.008142303036
2053,7251.594123836465
2054,7226.034410278518
2055,8160.353534186829
2056,7909.038488926282
2057,8294.477425280444
2058,8126.689696538846
2059,6900.981139027976
2060,6900.981139027976
2061,8189.001742248094
2062,8131.080731592217
2063,8007.491054820942
2064,8113.550558835088
2065,7117.329776060263
2066,7888.96384578801
2067,7563.2928640735845
2068,7855.543106231735
2069,6773.171015082911
2070,7469.171523917573
2071,7045.678869340709
2072,8324.551322348289
2073,7031.47956131311
2074,8043.4743036639375
2075,8106.187971599731
2076,8098.780495683379
2077,8321.580293356736
2078,7306.363218002318
2079,7922.816879922153
2080,8350.777834374541
2081,7822.692019981663
2082,8079.623847237775
2083,8079.623847237775
2084,8003.583801360162
2085,7361.139421625095
2086,8002.495052538479
2087,8194.040366885238
2088,8069.639902985214
2089,8069.639902985214
2090,8015.436409352484
2091,7236.513663033843
2092,7199.996144889276
2093,7199.996144889276
2094,7023.224963114903
2095,7891.355463721889
2096,8100.304218473187
2097,7732.390059917808
2098,8245.343907705068
2099,7557.177139177444
2100,7431.721030319048
2101,7689.281578843385
2102,7882.466110520398
2103,7113.2964879555675
2104,7467.7228999705085
2105,8197.342635786297
2106,7624.66091108666
2107,8237.723324540342
2108,8087.753422107087
2109,6523.6247292849275
2110,7793.905627050835
2111,6854.8654264133065
2112,7789.964134528787
2113,8060.731481609822
2114,8094.952491907588
2115,6998.501639936127
2116,7945.038942502433
2117,8007.668405465201
2118,6710.506244530761
2119,8067.789031353192
2120,7973.827081557384
2121,8227.344061112048
2122,7790.902619922663
2123,7203.777711373607
2124,6765.635991473037
2125,7470.816910904006
2126,6898.125167331036
2127,7255.475587799806
2128,7604.84746238714
2129,6632.018673246673
2130,7262.643774649555
2131,7743.559367911773
2132,7533.389192871023
2133,7771.675316975122
2134,7878.134155985169
2135,7337.550503843521
2136,6737.619385638515
2137,7085.717306404142
2138,7902.145996166519
2139,7386.341647453901
2140,6943.097878899917
2141,7168.1264521797975
2142,7039.163918059593
2143,8038.088448556284
2144,8119.88073583514
2145,6750.98166282168
2146,7217.518465322935
2147,7706.554203479853
2148,7803.202541181129
2149,7965.328265021271
2150,7821.504403742879
2151,6638.598494007943
2152,7962.697955128711
2153,7817.9810965496
2154,7768.303928611954
2155,7992.8611277754535
2156,8154.84371941438
2157,7816.547130296076
2158,7546.648568664944
2159,7148.874544667058
2160,7841.496135725945
2161,6775.980160607977
2162,6775.980160607961
2163,6563.845849731863
2164,7305.764699628649
2165,8003.245201658483
2166,7083.8471384568975
2167,8145.075637618556
2168,7317.178086709082
2169,7997.258354004323
2170,6852.523728587718
2171,6873.074708197872
2172,7817.424630598771
2173,7915.396530742439
2174,7664.420140662563
2175,6887.976813707443
2176,7610.529762224526
2177,7620.876796902782
2178,7620.876796902782
2179,7148.981725385506
2180,6731.617219539415
2181,7982.200106181364
2182,7866.692698839539
2183,7914.2408998616875
2184,7412.738088727308
2185,7947.213098481816
2186,6734.807247947703
2187,8029.375211575098
2188,7918.256761921399
2189,7890.5690438493275
2190,7840.099591027665
2191,8059.839344219385
2192,7518.6789713883945
2193,7934.166368687065
2194,6819.898992281577
2195,6975.498198036436
2196,7397.665940085021
2197,7647.209505034407
2198,6699.00252962851
2199,7858.195100876221
2200,7409.650013240136
2201,7211.400462557486
2202,7115.373427817044
2203,7932.901321674211
2204,7141.584561944842
2205,7641.026983931272
2206,6663.778487747259
2207,6673.4025585184645
2208,7917.976492749722
2209,7500.748356177854
2210,6570.029262672844
2211,7341.779312361989
2212,7272.076049469967
2213,7272.076049469967
2214,7069.784846401244
2215,7069.784846401244
2216,7404.246054966876
2217,7750.413638409296
2218,6655.494521715581
2219,7687.589543443575
2220,6630.461483036819
2221,6665.685312767255
2222,7245.253174955946
2223,7330.95578307242
2224,7554.761244056364
2225,7325.66749720032
2226,7374.896553906613
2227,7749.795330460383
2228,7573.099088064725
2229,6890.706569516929
2230,7352.62154906638
2231,7314.861747357647
2232,7585.632958895928
2233,6963.3830006302705
2234,7176.623739996989
2235,7244.006497736069
2236,7747.476500190417
2237,6927.019603786361
2238,7380.067181541672
2239,6738.303672264099
2240,7037.38729357205
2241,7536.7939630647315
2242,7373.460878616363
2243,7163.374943138352
2244,7533.605311943904
2245,7436.067331986478
2246,7207.052110766243
2247,7718.433015896665
2248,7423.104082761557
2249,7174.165629958909
2250,7316.451670310778
2251,7119.373164358995
2252,7014.567557111997
2253,7567.4012229572345
2254,7676.013809696737
2255,7675.520875750035
2256,7661.262508288119
2257,7479.015099714224
2258,7451.94655117715
2259,7635.098852972393
2260,7311.899275092399
2261,7064.073190577944
2262,7010.993288088274
2263,7543.843329256698
2264,7802.382580550429
2265,7105.409712330701
2266,7433.262247432991
2267,7511.07052177066
2268,6714.083399044762
2269,7018.704660905332
2270,7647.047147440767
2271,6880.823393501089
2272,7638.665506993095
2273,7393.419095280745
2274,6996.4912432480505
2275,7641.793150733013
2276,6883.628780376215
2277,7323.3214894818975
2278,6906.405948105222
2279,6051.217933909492
2280,7431.297611993053
2281,6794.7764426912045
2282,7608.731694106155
2283,7311.262122121487
2284,7199.332465039957
2285,6626.009899535176
2286,7184.921246080535
2287,7393.584492177142
2288,7005.187304552164
2289,7548.857781330784
2290,7548.857781330784
2291,6992.64864125029
2292,6992.64864125029
2293,7797.084371865212
2294,7674.6358778183785
2295,7721.916553662938
2296,7367.930015360859
2297,7714.309731766583
2298,7609.110749772289
2299,6759.370483369069
2300,6594.371727479147
2301,7231.882324457026
2302,7270.051624415448
2303,7392.094981186213
2304,6903.773657531058
2305,6197.148665993442
2306,7191.525413497041
2307,7498.429661283269
2308,7374.045092203812
2309,7244.041015830734
2310,7060.076254479773
2311,6928.352111733393
2312,7440.01034705648
2313,7463.3148475465805
2314,7538.162808318145
2315,6704.298278325008
2316,7427.064230954183
2317,7033.643015042831
2318,7425.679620199917
2319,7492.879340738173
2320,7247.322063764099
2321,7347.151697149452
2322,6759.059675615155
2323,7065.873408781531
2324,7680.871527739821
2325,6876.832342629953
2326,7595.1967928725835
2327,7236.91452283408
2328,7194.466329062057
2329,6568.262309354865
2330,7333.13976911162
2331,6528.912887538788
2332,7631.091126731543
2333,7385.840830416316
2334,6943.162179752893
2335,7369.129501898556
2336,7099.098087728618
2337,7157.924023136971
2338,6293.754113806425
2339,6294.770452794126
2340,7159.745308352738
2341,6814.749474270621
2342,6998.25676528443
2343,6295.564199145939
2344,7269.477381509505
2345,7567.670692293264
2346,7557.510443893714
2347,6585.681934214342
2348,7549.034970875759
2349,7048.709795858868
2350,6718.760704489509
2351,6695.981889530412
2352,7387.599727372255
2353,7497.519319478
2354,6971.015100054575
2355,7309.396888456072
2356,7506.910603294537
2357,6767.455819463313
2358,6575.621613680159
2359,7382.489291480348
2360,6816.8049820194865
2361,7293.371768862817
2362,6962.908039673372
2363,6890.405688873558
2364,6282.565321079448
2365,6570.382068254955
2366,7310.214227662062
2367,7428.781759903899
2368,7291.249904808666
2369,7690.342820190047
2370,6993.744395852154
2371,6667.368120643945
2372,7515.433014696701
2373,7670.138070029777
2374,7303.793468026198
2375,7060.640557382365
2376,7425.85478074685
2377,6963.5108391598
2378,6861.400543381909
2379,6603.752829749482
2380,7361.497905435614
2381,6717.647660603397
2382,7322.989077696152
2383,7208.199086960112
2384,7095.554207002551
2385,7377.075506681301
2386,6665.555437765103
2387,7156.295939261544
2388,6682.443591870789
2389,7379.092671154089
2390,6913.128255680655
2391,7397.621392280098
2392,7585.545910999243
2393,6992.978301170171
2394,7014.810732811579
2395,7158.5124738705035
2396,6786.611151939594
2397,7031.610188333974
2398,7484.197501443186
2399,7380.155688951356
2400,7309.863194144134
2401,6929.586732556877
2402,6601.781839261139
2403,7503.606359152736
2404,7080.838858926061
2405,7187.506415283231
2406,7291.828234177363
2407,7241.594414637524
2408,7260.869171341479
2409,7544.088325723194
2410,6304.817561144584
2411,7094.670872152719
2412,7421.955989412125
2413,6496.129396520344
2414,7002.054108505622
2415,6983.789556405693
2416,7213.605325775463
2417,6582.01849761254
2418,7152.649974003333
2419,6609.343530796484
2420,6782.618305649663
2421,7422.91589713566
2422,7007.345937526075
2423,6885.263102480562
2424,6944.3815317043345
2425,7008.07322984204
2426,6901.495222671547
2427,7256.831976323159
2428,6863.161565926881
2429,6789.984594448972
2430,6947.020473898304
2431,5634.669640761473
2432,6880.451563384013
2433,6987.358215071016
2434,7188.541873260825
2435,6939.732815716867
2436,7206.485178253362
2437,7195.593650574112
2438,6668.360229369827
2439,6884.926219856297
2440,6677.32588969674
2441,7611.452712806585
2442,7138.1310165146415
2443,6976.18001955873
2444,6514.540048235793
2445,7546.936406264544
2446,6807.814987968701
2447,6678.734024835308
2448,7066.597325755974
2449,6999.433602196508
2450,7129.559781735452
2451,7409.932361223069
2452,7155.598658421394
2453,7164.458227366922
2454,7089.0429956404705
2455,6853.915771469387
2456,6835.845095896434
2457,7074.707083831141
2458,7106.277886307916
2459,7330.968629319539
2460,7227.101968717867
2461,6693.237500568228
2462,6665.904155646892
2463,6968.907715104551
2464,6985.985798673413
2465,6906.97987343005
2466,7263.731127058679
2467,7210.013948921986
2468,7435.28399073615
2469,7424.404502653665
2470,7667.450652778176
2471,7699.358168319359
2472,7698.243235716521
2473,6944.649924321483
2474,7715.671956369046
2475,7743.651239502588
2476,6767.057673455029
2477,6668.704177778329
2478,7155.867738397291
2479,7391.278293741194
2480,7564.748279880282
2481,7225.284867229409
2482,7517.500627161467
2483,7116.99766244742
2484,7323.208930237386
2485,7419.421092085249
2486,7566.255657612356
2487,7224.816238191472
2488,7596.032782867507
2489,7266.228924850354
2490,6845.759930836218
2491,7104.582680638952
2492,6521.37140096009
2493,7441.061826591586
2494,7728.867956755184
2495,7630.203139078369
2496,6972.7097130010625
2497,7343.125651683654
2498,7450.100330900006
2499,6848.771802474429
2500,7558.183911231497
2501,7580.464645408904
2502,7486.01419584067
2503,7742.558410213347
2504,7628.319534285071
2505,7389.2104875285195
2506,6956.190304488033
2507,7665.411150608616
2508,7091.547057694898
2509,7372.105289157453
2510,7041.035158319601
2511,7002.35942186578
2512,7254.476425776615
2513,7655.487254450698
2514,6792.395298715814
2515,7184.205208152571
2516,6956.175771521592
2517,7042.709125633505
2518,6872.1283476649305
2519,7125.886062882281
2520,7246.007310625744
2521,7513.7470919003335
2522,7430.535544080311
2523,7421.612169619767
2524,7562.2896020557555
2525,7640.801350717264
2526,7316.547486603944
2527,7288.488311022311
2528,7353.115421566183
2529,6905.689003575599
2530,6820.94146519466
2531,7230.851361392731
2532,7407.9722784339865
2533,7235.43142911021
2534,7031.356527122768
2535,6977.6216146498655
2536,6838.482811166212
2537,6868.416228028388
2538,7269.298071768069
2539,7197.456023661148
2540,7498.334752959165
2541,6695.877921576716
2542,6801.814319857305
2543,7061.050433353578
2544,7480.218632240828
2545,7052.373319435361
2546,7134.835373473195
2547,7072.545581946988
2548,7162.6892534366425
2549,7072.7742319988765
2550,7094.237704166981
2551,6818.690448595977
2552,7269.529770912905
2553,6901.621262850187
2554,7154.08843687497
2555,7056.13684998182
2556,6951.352973961771
2557,7517.482761155565
2558,7180.376279833109
2559,7349.667088778662
2560,7590.543609268427
2561,7207.038339207528
2562,6811.060018843655
2563,7493.160134311673
2564,6828.888258224687
2565,7143.106275044945
2566,7081.780163994771
2567,7298.755309277846
2568,7471.0484996144305
2569,7075.64490050967
2570,6983.390459440698
2571,7437.247434670155
2572,7125.530997572128
2573,7003.001429023025
2574,7025.526518970943
2575,6468.697778372107
2576,7619.011549930554
2577,7567.3598331766425
2578,7212.086509975521
2579,7154.1394038303915
2580,7512.728763963404
2581,7362.877013203049
2582,7243.684627699072
2583,7396.8023697648205
2584,7219.816979411382
2585,6617.348848969623
2586,6819.938301248286
2587,7243.23623442044
2588,7448.748665091477
2589,6807.294968931621
2590,7562.262861851667
2591,7532.841897697284
2592,7245.917272575238
2593,7615.7900408974565
2594,7256.3501558190865
2595,6651.325297948015
2596,7163.73760752407
2597,7498.440367307448
2598,7604.793455544102
2599,7460.068516248465
2600,6803.726975200165
2601,7495.98254649526
2602,6728.831918863846
2603,7373.8404862500065
2604,7499.001187961545
2605,7062.218016144901
2606,7422.186059123498
2607,6564.661655959353
2608,6792.295980540778
2609,6775.998022000726
2610,7134.407611969757
2611,6900.053771807116
2612,7023.609716834474
2613,7268.438767132733
2614,7117.633001867554
2615,7393.7625570678665
2616,7388.752037781297
2617,7561.184359470626
2618,7359.842779112127
2619,7303.900998148915
2620,6385.45159030569
2621,7021.370004640159
2622,7338.212452739158
2623,7383.186467679246
2624,7483.9590039975465
2625,7058.947670480939
2626,7328.382535409911
2627,7085.640478401038
2628,5953.120971638122
2629,7569.522784304984
2630,7333.259096114099
2631,7551.707135878852
2632,7506.102963119896
2633,7086.91249899534
2634,7410.047594575513
2635,7066.637269705705
2636,6791.942019619192
2637,7093.833380720438
2638,7207.1579007102755
2639,7106.988141289865
2640,7635.868826914828
2641,6346.75862047367
2642,7256.747301514943
2643,7406.619767606875
2644,7369.497372332942
2645,7380.70718708026
2646,7344.316198974288
2647,7118.912757615915
2648,7092.972988567161
2649,7089.175920231574
2650,7273.829897226682
2651,6728.083333653478
2652,6486.999196562285
2653,7308.782456697745
2654,7107.935339225015
2655,7018.335693592312
2656,7463.919887882671
2657,7262.327645677609
2658,7282.670117009838
2659,7260.122417552043
2660,6490.337075869168
2661,7459.046761284465
2662,7336.522884758942
2663,7330.661638425888
2664,7329.591331405136
2665,6544.8785497805075
2666,7222.982084593788
2667,7125.483202706572
2668,6816.120710904887
2669,6864.963164598118
2670,6932.1866813757415
2671,7173.044624273342
2672,7261.375250355367
2673,6774.495265933378
2674,7134.566122623606
2675,7247.070337836258
2676,6656.349622960281
2677,7172.679382278733
2678,6944.741755334586
2679,7081.439924223842
2680,6933.48039612321
2681,6837.724557787689
2682,7273.189977802419
2683,6646.374207514157
2684,6757.514396219454
2685,7178.034780051569
2686,7274.147190659144
2687,6714.8645493733065
2688,6795.902418517346
2689,7039.790903221036
2690,7073.8575052189535
2691,6919.260224467994
2692,7146.103658737817
2693,6928.270927769417
2694,6806.028175938086
2695,6806.028175938086
2696,7208.825670581757
2697,7168.971884143608
2698,6937.320162766704
2699,6788.911448391415
2700,7087.453555093043
2701,6133.696325977745
2702,6427.875560348012
2703,6786.143923492829
2704,7179.5659209357145
2705,6698.518543698645
2706,7334.257345976927
2707,7166.232676317169
2708,6480.394688296101
2709,6919.705462682642
2710,6640.391628370819
2711,6911.129939926661
2712,7077.652519727075
2713,6751.4477412016995
2714,6851.44200097844
2715,7115.923306079708
2716,6865.17262820476
2717,6882.21560139815
2718,6522.409621770733
2719,7229.397808195755
2720,7079.7305477939635
2721,6645.71841112756
2722,7166.88338167965
2723,6765.917959605291
2724,7053.983954686047
2725,6568.836362443163
2726,7050.360562456529
2727,6951.812416378302
2728,6901.579327427783
2729,6598.761180964265
2730,6653.5418296913995
2731,6609.790904409991
2732,7056.524582281813
2733,7295.753502353694
2734,6859.192242796241
2735,7216.8544040436445
2736,7040.733748943974
2737,7047.704558117962
2738,7049.435071596003
2739,7233.9380944138775
2740,6855.116727865814
2741,7249.95997343542
2742,6598.634639391616
2743,6775.6431849632245
2744,6965.81672470806
2745,6965.81672470806
2746,6808.622241140048
2747,6815.763970996095
2748,6819.834880442963
2749,7070.055729938255
2750,6926.200799430593
2751,6695.211441600866
2752,7112.321943281458
2753,6711.13915516167
2754,6702.804371481966
2755,7091.2596890341865
2756,6502.295383492939
2757,7011.620776474332
2758,6956.889193943791
2759,6707.747044067292
2760,7178.022934400867
2761,6726.536761313898
2762,6848.031646523007
2763,6608.247387506708
2764,7126.948724705462
2765,6766.828762511171
2766,6766.828762511171
2767,6910.359204204569
2768,6809.661767742823
2769,7103.264471923094
2770,6985.594660818653
2771,6845.165301212854
2772,6651.030067018488
2773,6871.299451574427
2774,6465.256668377385
2775,7212.649734686255
2776,6821.225264443209
2777,6745.46157969254
2778,7024.979276527403
2779,7128.268968741018
2780,7424.6540018156065
2781,7198.225060887256
2782,7098.390255706409
2783,6542.62294764695
2784,7211.137437419573
2785,6966.978389633398
2786,6900.641264120291
2787,6576.291710057863
2788,7035.108197215653
2789,7085.118671369945
2790,6798.875030889502
2791,6689.988484682573
2792,6884.842849771113
2793,7087.1355439540985
2794,6730.476472844052
2795,6811.161052314284
2796,6981.7598054539385
2797,6985.153995708
2798,6926.568188885573
2799,6899.892064470663
2800,6949.637434473324
2801,6703.461890146161
2802,7172.482131854196
2803,7218.658993022687
2804,6379.1965851447985
2805,7019.351632553144
2806,7058.239511527419
2807,6687.566313739715
2808,6802.075173084669
2809,6749.634417329974
2810,6978.973812755724
2811,6489.22157940566
2812,6841.204889393997
2813,6357.863563504812
2814,6667.416482770647
2815,6903.624757759158
2816,6935.883384669344
2817,6596.143154001323
2818,7074.368097705552
2819,6610.5181758933595
2820,6696.8810016382295
2821,6648.171657725955
2822,6952.301239953625
2823,6835.010313882558
2824,6912.903008613221
2825,6981.535259669753
2826,6652.46489739874
2827,6751.319638420451
2828,6914.432590348257
2829,6976.547042646299
2830,6984.229750800086
2831,6775.178272383972
2832,6720.858981270043
2833,6768.333776544923
2834,6784.209100800861
2835,6920.104885401291
2836,7034.611029679976
2837,6808.557756916049
2838,6814.813629174647
2839,7019.877704309156
2840,6925.58912270559
2841,6720.488938592641
2842,6759.397919202808
2843,6554.84142726467
2844,6920.65353259432
2845,7109.71524643168
2846,6984.360468388304
2847,6960.571911192451
2848,7136.0952484163045
2849,7090.069993207295
2850,6725.820266608908
2851,6710.549898225578
2852,6922.114800338618
2853,6744.026581701859
2854,6761.852547513307
2855,6693.842830623957
2856,6901.640234445478
2857,6949.035531769312
2858,6585.285073676153
2859,6589.358296434357
2860,6993.700602661791
2861,6616.623096650531
2862,6807.740026738929
2863,6773.908178358139
2864,6812.738678111728
2865,6851.752284482798
2866,6851.752284482798
2867,7180.3158122461855
2868,6790.600514341231
2869,6524.744117628444
2870,6994.539618608365
2871,6934.620379164207
2872,7104.593826768557
2873,6786.818276679421
2874,7063.081703726889
2875,6867.767263976033
2876,6739.958721026744
2877,7007.165079595765
2878,6897.276562002311
2879,7111.399972895314
2880,6893.418408791331
2881,6946.283288331179
2882,6935.41792931155
2883,6627.868679084599
2884,6481.598562990409
2885,6960.59815905218
2886,6790.371966396729
2887,6664.486197285154
2888,6823.184449608235
2889,6642.854825080722
2890,6920.899244764271
2891,6850.123029389949
2892,6734.56665034382
2893,6751.039358414899
2894,7019.987343201771
2895,6955.014733612734
2896,7066.608483870472
2897,6858.853563588396
2898,7107.670307929383
2899,7010.256885395961
2900,6964.383952455364
2901,7072.024880991793
2902,6960.833052980466
2903,7120.864750540241
2904,6987.044301479191
2905,6831.719709871701
2906,6999.8142019756715
2907,7057.522183625704
2908,6868.967350311974
2909,6986.203300095325
2910,6976.377783774689
2911,7004.158308109588
2912,7046.067499239057
2913,7036.988799260667
2914,6742.9272193838
2915,7115.264748066479
2916,6785.559142742731
2917,6753.132517194049
2918,6862.260214899639
2919,6726.341589198496
2920,6853.510331678204
2921,6962.6793323391075
2922,6623.108134474427
2923,6858.0170851741605
2924,6901.21676199673
2925,7014.585714071128
2926,6961.104409864763
2927,7068.309779389763
2928,7046.878991777847
2929,6900.080590339124
2930,6862.235527695359
2931,6744.226214851187
2932,6916.418122480287
2933,6738.922055563968
2934,7044.317823454736
2935,7011.439787160244
2936,6982.318932094309
2937,6731.329484023957
2938,7077.484782666596
2939,7032.587481494622
2940,7024.475447630881
2941,7040.169054533306
2942,7098.678309291881
2943,7018.836328517655
2944,7079.993385317964
2945,7061.629034453625
2946,6630.667373167777
2947,7045.8902056051775
2948,6964.775489277835
2949,6671.6251373456225
2950,6772.474905414354
2951,6451.682560059478
2952,6928.979847390367
2953,7059.944146723006
2954,6588.834997914166
2955,7084.60004277439
2956,7061.028451865416
2957,7066.1283836385965
2958,6855.622024725899
2959,7150.861977265067
2960,7107.208769768033
2961,7006.4653512874165
2962,7051.167401322016
2963,6950.1619468450735
2964,7137.292627277466
2965,7145.483387303839
2966,7077.928304187239
2967,7077.928304187239
2968,7047.837687577011
2969,7074.096489628685
2970,7011.367226014458
2971,6767.779972874151
2972,7070.2138281577145
2973,7036.7630601049395
2974,7086.387775858313
2975,7055.69297729891
2976,7078.068321185437
2977,7011.6355178192325
2978,7034.986136015427
2979,7042.60773417578
2980,7028.781715709914
2981,7101.729977131987
2982,7150.2377684843395
2983,7101.708216748843
2984,7035.770454109884
2985,7144.117308594344
2986,6942.1513333890125
2987,7084.805979417386
2988,7061.292437643375
2989,7051.675355410646
2990,7003.265759718705
2991,6994.78797216533
2992,6965.47549607119
2993,7103.496871987223
2994,7135.719787650109
2995,7058.477368974197
2996,7013.756722563312
2997,6989.915749249074
2998,7003.600462078376
2999,7222.55160920084
